Model,Accuracy,Precision,Recall,F1-Score,AUC-ROC
Logistic Regression,0.539568345323741,0.24193548387096775,0.46875,0.3191489361702128,0.5197867990654206
Gradient Boosting,0.6798561151079137,0.2641509433962264,0.21875,0.23931623931623933,0.5089807242990654
KNN,0.7230215827338129,0.21739130434782608,0.078125,0.11494252873563218,0.506206191588785
Random Forest (Undersampled),0.4856115107913669,0.22377622377622378,0.5,0.30917874396135264,0.5044538551401869
Random Forest,0.7517985611510791,0.0,0.0,0.0,0.49255257009345793
